participant_id,cue,response,response_type,semantic_category,affective_valence
P1,Sanskar,Pray,syntagmatic,functional,positive
P1,Chashma,Kaanch,paradigmatic,perceptual,neutral
P1,Cloud,Cotton,paradigmatic,perceptual,neutral
P1,Time,Kata,encyclopedic,cultural,neutral
P1,Glasses,Cup,encyclopedic,functional,neutral
P1,Blessing,Head,syntagmatic,functional,positive
P1,Namak,Halal,encyclopedic,cultural,positive
P1,Mohalla,Chaotic,syntagmatic,perceptual,negative
P1,Shyness,Red,syntagmatic,perceptual,neutral
P1,Aashirwad,Aata,encyclopedic,cultural,positive
P1,Opportunity,Mauka,paradigmatic,taxonomic,positive
P1,Salt,Beach,encyclopedic,perceptual,neutral
P1,Baadal,Baarish,syntagmatic,perceptual,neutral
P1,Values,Money,syntagmatic,functional,neutral
P1,Sharam,Disrespect,paradigmatic,emotional,negative
P1,Neighbourhood,Colony,paradigmatic,taxonomic,neutral
P1,Kutta,Billi,paradigmatic,taxonomic,neutral
P1,Mauka,Chauka,encyclopedic,cultural,positive
P1,Dog,Cat,paradigmatic,taxonomic,neutral
P1,Samay,Raina,encyclopedic,cultural,neutral
P2,Blessing,Wish,paradigmatic,emotional,positive
P2,Sanskar,Values,paradigmatic,taxonomic,positive
P2,Aashirwad,Aashram,encyclopedic,cultural,positive
P2,Samay,Raina,encyclopedic,cultural,neutral
P2,Mauka,Chance,paradigmatic,taxonomic,positive
P2,Opportunity,Hope,syntagmatic,emotional,positive
P2,Sharam,Badtameez,syntagmatic,emotional,negative
P2,Dog,Cute,syntagmatic,perceptual,positive
P2,Kutta,Bad,syntagmatic,emotional,negative
P2,Namak,Haram,encyclopedic,cultural,negative
P2,Chashma,Specs,paradigmatic,taxonomic,neutral
P2,Time,Less,syntagmatic,perceptual,negative
P2,Shyness,Feeling,paradigmatic,emotional,neutral
P2,Neighbourhood,House,syntagmatic,functional,neutral
P2,Mohalla,Road,syntagmatic,functional,neutral
P2,Values,Kind,syntagmatic,emotional,positive
P2,Cloud,Rain,syntagmatic,perceptual,neutral
P2,Salt,Taste,syntagmatic,functional,neutral
P2,Baadal,Rain,syntagmatic,perceptual,neutral
P2,Glasses,Sun,syntagmatic,functional,neutral
P3,Cloud,Rain,syntagmatic,perceptual,neutral
P3,Mauka,Chance,paradigmatic,taxonomic,positive
P3,Sharam,Agrim,encyclopedic,cultural,neutral
P3,Kutta,Patti,encyclopedic,cultural,neutral
P3,Salt,Chini,paradigmatic,taxonomic,neutral
P3,Time,Ghadi,syntagmatic,functional,neutral
P3,Sanskar,Parents,syntagmatic,cultural,positive
P3,Glasses,Lenskart,encyclopedic,cultural,neutral
P3,Mohalla,Town,paradigmatic,taxonomic,neutral
P3,Shyness,Emotion,paradigmatic,emotional,neutral
P3,Blessing,God,syntagmatic,cultural,positive
P3,Neighbourhood,Home,syntagmatic,functional,positive
P3,Namak,Chini,paradigmatic,taxonomic,neutral
P3,Dog,Cat,paradigmatic,taxonomic,neutral
P3,Aashirwad,Parents,syntagmatic,cultural,positive
P3,Baadal,Baarish,syntagmatic,perceptual,neutral
P3,Values,Home,syntagmatic,functional,positive
P3,Chashma,Agrim,encyclopedic,cultural,neutral
P3,Opportunity,Job,syntagmatic,functional,positive
P3,Samay,Time,paradigmatic,taxonomic,neutral
P4,Mohalla,Gali,paradigmatic,taxonomic,neutral
P4,Opportunity,Knocks,syntagmatic,functional,positive
P4,Aashirwad,Elders,syntagmatic,cultural,positive
P4,Cloud,Rain,syntagmatic,perceptual,neutral
P4,Values,Good,syntagmatic,emotional,positive
P4,Mauka,Pakistan,encyclopedic,cultural,neutral
P4,Dog,Cat,paradigmatic,taxonomic,neutral
P4,Namak,Mirch,syntagmatic,functional,neutral
P4,Shyness,Bold,paradigmatic,emotional,neutral
P4,Sanskar,Parampara,syntagmatic,cultural,positive
P4,Glasses,Agrim,encyclopedic,cultural,neutral
P4,Samay,Raina,encyclopedic,cultural,neutral
P4,Neighbourhood,Spiderman,encyclopedic,cultural,neutral
P4,Salt,Phil,encyclopedic,cultural,neutral
P4,Chashma,Kala,syntagmatic,perceptual,neutral
P4,Time,Watch,syntagmatic,functional,neutral
P4,Baadal,Baarish,syntagmatic,perceptual,neutral
P4,Sharam,Laja,paradigmatic,emotional,negative
P4,Kutta,Billi,paradigmatic,taxonomic,neutral
P4,Blessing,Elders,syntagmatic,cultural,positive
P5,Chashma,Frame,syntagmatic,functional,neutral
P5,Dog,Cat,paradigmatic,taxonomic,neutral
P5,Values,Education,syntagmatic,functional,positive
P5,Time,Clock,syntagmatic,functional,neutral
P5,Sanskar,Indian,syntagmatic,cultural,neutral
P5,Baadal,Clouds,paradigmatic,taxonomic,neutral
P5,Cloud,Rain,syntagmatic,perceptual,neutral
P5,Opportunity,Seek,syntagmatic,functional,positive
P5,Sharam,Sanskar,encyclopedic,cultural,neutral
P5,Shyness,Timid,paradigmatic,emotional,neutral
P5,Samay,Watch,syntagmatic,functional,neutral
P5,Mohalla,Neighbourhood,paradigmatic,taxonomic,neutral
P5,Aashirwad,Elders,syntagmatic,cultural,positive
P5,Salt,Pepper,syntagmatic,functional,neutral
P5,Blessing,Aashirwaad,paradigmatic,taxonomic,positive
P5,Namak,Food,syntagmatic,functional,neutral
P5,Glasses,Specs,paradigmatic,taxonomic,neutral
P5,Neighbourhood,Mohalla,paradigmatic,taxonomic,neutral
P5,Mauka,Opportunity,paradigmatic,taxonomic,positive
P5,Kutta,Dog,paradigmatic,taxonomic,neutral
P6,Samay,Watch,syntagmatic,functional,neutral
P6,Blessing,Religion,syntagmatic,cultural,positive
P6,Chashma,Glasses,paradigmatic,taxonomic,neutral
P6,Shyness,Emotion,paradigmatic,emotional,neutral
P6,Sanskar,Sanskari,paradigmatic,cultural,positive
P6,Namak,Tata,encyclopedic,cultural,neutral
P6,Dog,Cat,paradigmatic,taxonomic,neutral
P6,Sharam,Shame,paradigmatic,emotional,negative
P6,Neighbourhood,Street,syntagmatic,functional,neutral
P6,Mauka,Opportunity,paradigmatic,taxonomic,positive
P6,Kutta,Dog,paradigmatic,taxonomic,neutral
P6,Time,Clock,syntagmatic,functional,neutral
P6,Salt,Pepper,syntagmatic,functional,neutral
P6,Values,Education,syntagmatic,functional,positive
P6,Glasses,Specs,paradigmatic,taxonomic,neutral
P6,Mohalla,Ghar,syntagmatic,functional,neutral
P6,Baadal,Clouds,paradigmatic,taxonomic,neutral
P6,Opportunity,Mauka,paradigmatic,taxonomic,positive
P6,Cloud,Nine,encyclopedic,cultural,positive
P6,Aashirwad,Blessings,paradigmatic,taxonomic,positive
P7,Blessing,Aashirwaad,paradigmatic,taxonomic,positive
P7,Cloud,Rain,syntagmatic,perceptual,neutral
P7,Time,Hourglass,syntagmatic,functional,neutral
P7,Glasses,Lens,paradigmatic,taxonomic,neutral
P7,Mauka,Drink,encyclopedic,cultural,neutral
P7,Neighbourhood,Police,encyclopedic,cultural,neutral
P7,Salt,Dandi,encyclopedic,cultural,neutral
P7,Kutta,Billi,paradigmatic,taxonomic,neutral
P7,Samay,Time,paradigmatic,taxonomic,neutral
P7,Shyness,Jhijak,paradigmatic,emotional,neutral
P7,Dog,Fighting,syntagmatic,functional,negative
P7,Chashma,Gandhi,encyclopedic,cultural,neutral
P7,Mohalla,Halla,encyclopedic,cultural,neutral
P7,Opportunity,Chance,paradigmatic,taxonomic,positive
P7,Values,Skill,syntagmatic,functional,positive
P7,Namak,Namkeen,paradigmatic,taxonomic,neutral
P7,Aashirwad,Aata,encyclopedic,cultural,positive
P7,Sharam,Jhijak,paradigmatic,emotional,neutral
P7,Sanskar,Sushil,syntagmatic,emotional,positive
P7,Baadal,Chawn,syntagmatic,perceptual,neutral
P8,Kutta,Cat,paradigmatic,taxonomic,neutral
P8,Baadal,Aasman,syntagmatic,perceptual,neutral
P8,Blessing,God,syntagmatic,cultural,positive
P8,Mohalla,Ghar,syntagmatic,functional,neutral
P8,Time,Late,syntagmatic,perceptual,negative
P8,Aashirwad,Elders,syntagmatic,cultural,positive
P8,Chashma,Eyes,syntagmatic,functional,neutral
P8,Sanskar,Important,syntagmatic,emotional,positive
P8,Values,Human,syntagmatic,functional,positive
P8,Shyness,Sad,syntagmatic,emotional,negative
P8,Dog,Cat,paradigmatic,taxonomic,neutral
P8,Sharam,Innocent,paradigmatic,emotional,positive
P8,Samay,Time,paradigmatic,taxonomic,neutral
P8,Opportunity,Future,syntagmatic,functional,positive
P8,Mauka,Opportunity,paradigmatic,taxonomic,positive
P8,Namak,Swaad,syntagmatic,functional,positive
P8,Cloud,Water,syntagmatic,perceptual,neutral
P8,Glasses,Paani,encyclopedic,functional,neutral
P8,Salt,Food,syntagmatic,functional,neutral
P8,Neighbourhood,Mohalla,paradigmatic,taxonomic,neutral
P9,Sharam,Shy,paradigmatic,emotional,neutral
P9,Chashma,Glasses,paradigmatic,taxonomic,neutral
P9,Values,Education,syntagmatic,functional,positive
P9,Sanskar,Sanskari,paradigmatic,cultural,positive
P9,Salt,White,syntagmatic,perceptual,neutral
P9,Neighbourhood,Cluster,paradigmatic,taxonomic,neutral
P9,Mauka,Chance,paradigmatic,taxonomic,positive
P9,Cloud,Megha,paradigmatic,taxonomic,neutral
P9,Kutta,Kutti,paradigmatic,taxonomic,neutral
P9,Aashirwad,Aata,encyclopedic,cultural,positive
P9,Dog,Puppy,paradigmatic,taxonomic,positive
P9,Namak,Sea,encyclopedic,perceptual,neutral
P9,Blessing,God,syntagmatic,cultural,positive
P9,Time,Samay,paradigmatic,taxonomic,neutral
P9,Shyness,Highness,encyclopedic,cultural,neutral
P9,Opportunity,Mauka,paradigmatic,taxonomic,positive
P9,Glasses,Chashma,paradigmatic,taxonomic,neutral
P9,Baadal,Grey,syntagmatic,perceptual,neutral
P9,Mohalla,Neighborhood,paradigmatic,taxonomic,neutral
P9,Samay,Time,paradigmatic,taxonomic,neutral
P10,Values,Education,syntagmatic,functional,positive
P10,Neighbourhood,Houses,syntagmatic,functional,neutral
P10,Shyness,Non-talkative,paradigmatic,emotional,neutral
P10,Time,Pass,syntagmatic,functional,neutral
P10,Kutta,Billi,paradigmatic,taxonomic,neutral
P10,Namak,Mirch,syntagmatic,functional,neutral
P10,Blessing,Curses,paradigmatic,emotional,negative
P10,Aashirwad,Longevity,syntagmatic,functional,positive
P10,Samay,Time,paradigmatic,taxonomic,neutral
P10,Cloud,Badal,paradigmatic,taxonomic,neutral
P10,Sharam,Shame,paradigmatic,emotional,negative
P10,Opportunity,Jobs,syntagmatic,functional,positive
P10,Glasses,Sight,syntagmatic,functional,neutral
P10,Baadal,Sky,syntagmatic,perceptual,neutral
P10,Mohalla,Neighbourhood,paradigmatic,taxonomic,neutral
P10,Dog,Cat,paradigmatic,taxonomic,neutral
P10,Sanskar,Manners,paradigmatic,functional,positive
P10,Chashma,Glasses,paradigmatic,taxonomic,neutral
P10,Mauka,Cricket,encyclopedic,cultural,positive
P10,Salt,Pepper,syntagmatic,functional,neutral
P11,Values,Honesty,syntagmatic,emotional,positive
P11,Neighbourhood,Friends,syntagmatic,functional,positive
P11,Shyness,Me,encyclopedic,cultural,neutral
P11,Time,Management,syntagmatic,functional,neutral
P11,Kutta,Billi,paradigmatic,taxonomic,neutral
P11,Namak,Chini,paradigmatic,taxonomic,neutral
P11,Blessing,God,syntagmatic,cultural,positive
P11,Aashirwad,Nani,syntagmatic,cultural,positive
P11,Samay,Raina,encyclopedic,cultural,neutral
P11,Cloud,Baarish,syntagmatic,perceptual,neutral
P11,Sharam,Blush,syntagmatic,perceptual,neutral
P11,Opportunity,Wasted,syntagmatic,emotional,negative
P11,Glasses,Wine,encyclopedic,cultural,neutral
P11,Baadal,Lightning,syntagmatic,perceptual,neutral
P11,Mohalla,Dost,syntagmatic,functional,positive
P11,Dog,Cat,paradigmatic,taxonomic,neutral
P11,Sanskar,Parivar,syntagmatic,cultural,positive
P11,Chashma,Specs,paradigmatic,taxonomic,neutral
P11,Mauka,Mauka song,encyclopedic,cultural,positive
P11,Salt,Pepper,syntagmatic,functional,neutral
P12,Values,Ethics,paradigmatic,taxonomic,positive
P12,Neighbourhood,Home,syntagmatic,functional,positive
P12,Shyness,Angry,syntagmatic,emotional,negative
P12,Time,Twelve,encyclopedic,cultural,neutral
P12,Kutta,Billi,paradigmatic,taxonomic,neutral
P12,Namak,Salt,paradigmatic,taxonomic,neutral
P12,Blessing,Disguise,encyclopedic,cultural,neutral
P12,Aashirwad,Namaste,encyclopedic,cultural,positive
P12,Samay,Raina,encyclopedic,cultural,neutral
P12,Cloud,Sky,syntagmatic,perceptual,neutral
P12,Sharam,Haya,paradigmatic,emotional,neutral
P12,Opportunity,Golden,syntagmatic,emotional,positive
P12,Glasses,Specs,paradigmatic,taxonomic,neutral
P12,Baadal,Sky,syntagmatic,perceptual,neutral
P12,Mohalla,Gali,paradigmatic,taxonomic,neutral
P12,Dog,Cat,paradigmatic,taxonomic,neutral
P12,Sanskar,Obedient,syntagmatic,emotional,positive
P12,Chashma,Glasses,paradigmatic,taxonomic,neutral
P12,Mauka,Run,encyclopedic,cultural,neutral
P12,Salt,Pepper,syntagmatic,functional,neutral
P13,Blessing,Parents,syntagmatic,cultural,positive
P13,Cloud,Sky,syntagmatic,perceptual,neutral
P13,Time,Seconds,paradigmatic,taxonomic,neutral
P13,Glasses,Beer,encyclopedic,cultural,neutral
P13,Mauka,Chauka,encyclopedic,cultural,positive
P13,Neighbourhood,Gossip,syntagmatic,functional,negative
P13,Salt,Pepper,syntagmatic,functional,neutral
P13,Kutta,Kamina- stray,encyclopedic,cultural,negative
P13,Samay,Kimmat,encyclopedic,cultural,positive
P13,Shyness,Vinit,encyclopedic,cultural,neutral
P13,Dog,Oreo,encyclopedic,cultural,neutral
P13,Chashma,Broken,syntagmatic,perceptual,negative
P13,Mohalla,Aunty,encyclopedic,cultural,neutral
P13,Opportunity,Golden,syntagmatic,emotional,positive
P13,Values,Inherent,syntagmatic,functional,positive
P13,Namak,Chini,paradigmatic,taxonomic,neutral
P13,Aashirwad,Dada dadi,syntagmatic,cultural,positive
P13,Sharam,Lajja,paradigmatic,emotional,negative
P13,Sanskar,Gharwale,syntagmatic,cultural,positive
P13,Baadal,Chawn,syntagmatic,perceptual,neutral
P14,Blessing,Kripa,paradigmatic,taxonomic,positive
P14,Cloud,Badal,paradigmatic,taxonomic,neutral
P14,Time,Watch,syntagmatic,functional,neutral
P14,Glasses,Water,encyclopedic,functional,neutral
P14,Mauka,Parast,encyclopedic,cultural,negative
P14,Neighbourhood,House,syntagmatic,functional,neutral
P14,Salt,Pepper,syntagmatic,functional,neutral
P14,Kutta,Billi,paradigmatic,taxonomic,neutral
P14,Samay,Time,paradigmatic,taxonomic,neutral
P14,Shyness,Timid,paradigmatic,emotional,neutral
P14,Dog,Domestic,paradigmatic,taxonomic,neutral
P14,Chashma,Glass,paradigmatic,taxonomic,neutral
P14,Mohalla,Neighbourhood,paradigmatic,taxonomic,neutral
P14,Opportunity,Chance,paradigmatic,taxonomic,positive
P14,Values,Moral,paradigmatic,taxonomic,positive
P14,Namak,Tata,encyclopedic,cultural,neutral
P14,Aashirwad,Aata,encyclopedic,cultural,positive
P14,Sharam,Lihaj,paradigmatic,cultural,neutral
P14,Sanskar,Values,paradigmatic,taxonomic,positive
P14,Baadal,Pani,syntagmatic,perceptual,neutral
P15,Blessing,Ashirwad,paradigmatic,taxonomic,positive
P15,Cloud,Nine,encyclopedic,cultural,neutral
P15,Time,Slot,syntagmatic,functional,neutral
P15,Glasses,Chashma,paradigmatic,taxonomic,neutral
P15,Mauka,Parast,encyclopedic,cultural,negative
P15,Neighbourhood,Padosi,paradigmatic,taxonomic,neutral
P15,Salt,Pepper,syntagmatic,functional,neutral
P15,Kutta,Billi,paradigmatic,taxonomic,neutral
P15,Samay,Raina,encyclopedic,cultural,neutral
P15,Shyness,Bhola,syntagmatic,emotional,positive
P15,Dog,Cat,paradigmatic,taxonomic,neutral
P15,Chashma,Nazar,syntagmatic,functional,neutral
P15,Mohalla,Sheher,syntagmatic,functional,neutral
P15,Opportunity,Mauka,paradigmatic,taxonomic,positive
P15,Values,Kimat,syntagmatic,functional,positive
P15,Namak,Shakkar,paradigmatic,taxonomic,neutral
P15,Aashirwad,Blessing,paradigmatic,taxonomic,positive
P15,Sharam,Lihaj,paradigmatic,cultural,neutral
P15,Sanskar,Aadarsh,syntagmatic,emotional,positive
P15,Baadal,Bijli,syntagmatic,perceptual,neutral
P16,Sharam,Besharmi,paradigmatic,emotional,negative
P16,Chashma,Gaurav,encyclopedic,cultural,neutral
P16,Values,Good human,syntagmatic,emotional,positive
P16,Sanskar,Woman,encyclopedic,cultural,neutral
P16,Salt,Sea,encyclopedic,perceptual,neutral
P16,Neighbourhood,Four,encyclopedic,cultural,neutral
P16,Mauka,Chance,paradigmatic,taxonomic,positive
P16,Cloud,Nine,encyclopedic,cultural,neutral
P16,Kutta,Billi,paradigmatic,taxonomic,neutral
P16,Aashirwad,Aata,encyclopedic,cultural,positive
P16,Dog,Puppy,paradigmatic,taxonomic,positive
P16,Namak,Tata,encyclopedic,cultural,neutral
P16,Blessing,Elders,syntagmatic,cultural,positive
P16,Time,Slow,syntagmatic,perceptual,negative
P16,Shyness,Me,encyclopedic,cultural,neutral
P16,Opportunity,Rare,syntagmatic,perceptual,neutral
P16,Glasses,Broken,syntagmatic,perceptual,negative
P16,Baadal,Blue,syntagmatic,perceptual,neutral
P16,Mohalla,Noisy,syntagmatic,perceptual,negative
P16,Samay,Raina,encyclopedic,cultural,neutral
P17,Time,Clock,syntagmatic,functional,neutral
P17,Salt,Sugar,paradigmatic,taxonomic,neutral
P17,Mohalla,Delhi,encyclopedic,cultural,neutral
P17,Blessing,Disguise,encyclopedic,cultural,neutral
P17,Sanskar,Hinduism,encyclopedic,cultural,neutral
P17,Kutta,Gaali,encyclopedic,cultural,negative
P17,Mauka,Chauka,encyclopedic,cultural,positive
P17,Cloud,Nine,encyclopedic,cultural,neutral
P17,Samay,Raina,encyclopedic,cultural,neutral
P17,Sharam,Galich,encyclopedic,cultural,negative
P17,Shyness,Women,encyclopedic,cultural,neutral
P17,Neighbourhood,Community,paradigmatic,taxonomic,positive
P17,Baadal,Rain,syntagmatic,perceptual,neutral
P17,Values,Morals,paradigmatic,taxonomic,positive
P17,Opportunity,Snake,encyclopedic,cultural,negative
P17,Namak,Namkeen,paradigmatic,taxonomic,neutral
P17,Aashirwad,Aata,encyclopedic,cultural,positive
P17,Chashma,Studious,encyclopedic,cultural,neutral
P17,Glasses,Water,encyclopedic,functional,neutral
P17,Dog,Cat,paradigmatic,taxonomic,neutral
P18,Blessing,God,syntagmatic,cultural,positive
P18,Cloud,Fluffy,syntagmatic,perceptual,positive
P18,Time,Watch,syntagmatic,functional,neutral
P18,Glasses,Specs,paradigmatic,taxonomic,neutral
P18,Mauka,Chance,paradigmatic,taxonomic,positive
P18,Neighbourhood,Neighbour,paradigmatic,taxonomic,neutral
P18,Salt,Sodium chloride,paradigmatic,taxonomic,neutral
P18,Kutta,Doggy,paradigmatic,taxonomic,neutral
P18,Samay,Time,paradigmatic,taxonomic,neutral
P18,Shyness,Blush,syntagmatic,perceptual,neutral
P18,Dog,Cat,paradigmatic,taxonomic,neutral
P18,Chashma,Glasses,paradigmatic,taxonomic,neutral
P18,Mohalla,Neighbour,paradigmatic,taxonomic,neutral
P18,Opportunity,Chance,paradigmatic,taxonomic,positive
P18,Values,Math,encyclopedic,cultural,neutral
P18,Namak,Salt,paradigmatic,taxonomic,neutral
P18,Aashirwad,Blessings,paradigmatic,taxonomic,positive
P18,Sharam,Disgusting,syntagmatic,emotional,negative
P18,Sanskar,Good,syntagmatic,emotional,positive
P18,Baadal,Paani,syntagmatic,perceptual,neutral
P19,Blessing,God,syntagmatic,cultural,positive
P19,Cloud,Heavy,syntagmatic,perceptual,neutral
P19,Time,Expensive,syntagmatic,functional,negative
P19,Glasses,Sun,syntagmatic,functional,neutral
P19,Mauka,Sunhera,syntagmatic,perceptual,positive
P19,Neighbourhood,Good,syntagmatic,emotional,positive
P19,Salt,Black,syntagmatic,perceptual,neutral
P19,Kutta,Billi,paradigmatic,taxonomic,neutral
P19,Samay,Balwan,encyclopedic,cultural,positive
P19,Shyness,Agrim,encyclopedic,cultural,neutral
P19,Dog,Bark,syntagmatic,functional,neutral
P19,Chashma,Pehen lo,syntagmatic,functional,neutral
P19,Mohalla,Acha,syntagmatic,emotional,positive
P19,Opportunity,Avail,syntagmatic,functional,positive
P19,Values,Down,syntagmatic,emotional,negative
P19,Namak,Kha lo,syntagmatic,functional,neutral
P19,Aashirwad,Shubh,syntagmatic,emotional,positive
P19,Sharam,Aati nahi,encyclopedic,cultural,negative
P19,Sanskar,Ache,syntagmatic,emotional,positive
P19,Baadal,Garajte hain,syntagmatic,perceptual,neutral
P20,Kutta,Biscuit,encyclopedic,cultural,positive
P20,Baadal,Baarish,syntagmatic,perceptual,neutral
P20,Blessing,God,syntagmatic,cultural,positive
P20,Mohalla,Building,syntagmatic,functional,neutral
P20,Time,3 o clock,encyclopedic,cultural,neutral
P20,Aashirwad,Aata,encyclopedic,cultural,positive
P20,Chashma,Glass,paradigmatic,taxonomic,neutral
P20,Sanskar,Ache,syntagmatic,emotional,positive
P20,Values,Good deeds,syntagmatic,functional,positive
P20,Shyness,Speech,syntagmatic,functional,neutral
P20,Dog,Biscuit,encyclopedic,cultural,positive
P20,Sharam,Dance,encyclopedic,cultural,neutral
P20,Samay,Purana,syntagmatic,perceptual,neutral
P20,Opportunity,Good,syntagmatic,emotional,positive
P20,Mauka,Acha,syntagmatic,emotional,positive
P20,Namak,Jyada,syntagmatic,perceptual,negative
P20,Cloud,Rain,syntagmatic,perceptual,neutral
P20,Glasses,Vision,syntagmatic,functional,neutral
P20,Salt,Less,syntagmatic,perceptual,neutral
P20,Neighbourhood,House,syntagmatic,functional,neutral
P21,Values,Rate,encyclopedic,cultural,neutral
P21,Neighbourhood,House,syntagmatic,functional,neutral
P21,Shyness,Dullness,paradigmatic,emotional,neutral
P21,Time,Traveller,encyclopedic,cultural,neutral
P21,Kutta,Billi,paradigmatic,taxonomic,neutral
P21,Namak,Chini,paradigmatic,taxonomic,neutral
P21,Blessing,Ayushman,encyclopedic,cultural,positive
P21,Aashirwad,Jeete raho,syntagmatic,cultural,positive
P21,Samay,Vartman,encyclopedic,cultural,neutral
P21,Cloud,Rain,syntagmatic,perceptual,neutral
P21,Sharam,Befakuf,encyclopedic,cultural,negative
P21,Opportunity,Grab,syntagmatic,functional,positive
P21,Glasses,Goggles,paradigmatic,taxonomic,neutral
P21,Baadal,Varsha,syntagmatic,perceptual,neutral
P21,Mohalla,Gharana,encyclopedic,cultural,neutral
P21,Dog,Kutta,paradigmatic,taxonomic,neutral
P21,Sanskar,Vehem,encyclopedic,cultural,neutral
P21,Chashma,Laces,encyclopedic,cultural,neutral
P21,Mauka,Gava diya,encyclopedic,cultural,negative
P21,Salt,Sour,syntagmatic,perceptual,negative
P22,Blessing,God,syntagmatic,cultural,positive
P22,Salt,Sweet,paradigmatic,taxonomic,neutral
P22,Baadal,Cloud,paradigmatic,taxonomic,neutral
P22,Values,Morals,paradigmatic,taxonomic,positive
P22,Mohalla,Clinic,encyclopedic,cultural,neutral
P22,Dog,Cat,paradigmatic,taxonomic,neutral
P22,Shyness,Openness,paradigmatic,emotional,neutral
P22,Samay,Time,paradigmatic,taxonomic,neutral
P22,Chashma,Specs,paradigmatic,taxonomic,neutral
P22,Namak,Salt,paradigmatic,taxonomic,neutral
P22,Opportunity,Rising,syntagmatic,functional,positive
P22,Mauka,Opportunity,paradigmatic,taxonomic,positive
P22,Neighbourhood,Society,paradigmatic,taxonomic,neutral
P22,Sanskar,Values,paradigmatic,taxonomic,positive
P22,Sharam,Besharam,paradigmatic,emotional,negative
P22,Kutta,Dog,paradigmatic,taxonomic,neutral
P22,Aashirwad,Blessing,paradigmatic,taxonomic,positive
P22,Glasses,Specs,paradigmatic,taxonomic,neutral
P22,Cloud,Rain,syntagmatic,perceptual,neutral
P22,Time,Samay,paradigmatic,taxonomic,neutral
